publication_year,axis_topic_documents,all_gbm_documents,axis_prevalence_percent,rolling_3y_percent,axis,n_axis_topics
2011,82,1381,5.937726285300507,5.959293764659823,Hypoxia / angiogenesis,6
2012,100,1672,5.980861244019139,5.469388431740079,Hypoxia / angiogenesis,6
2013,84,1871,4.489577765900588,5.254949239493282,Hypoxia / angiogenesis,6
2014,107,2021,5.294408708560119,5.062345527797723,Hypoxia / angiogenesis,6
2015,124,2295,5.403050108932462,5.082834775982562,Hypoxia / angiogenesis,6
2016,111,2439,4.551045510455104,5.171275048686414,Hypoxia / angiogenesis,6
2017,148,2662,5.559729526671675,5.1658717465284,Hypoxia / angiogenesis,6
2018,149,2766,5.386840202458424,5.095294858051523,Hypoxia / angiogenesis,6
2019,133,3065,4.33931484502447,4.81173774528174,Hypoxia / angiogenesis,6
2020,157,3334,4.709058188362327,4.355371235496269,Hypoxia / angiogenesis,6
2021,154,3833,4.017740673102009,4.242612697477806,Hypoxia / angiogenesis,6
2022,154,3849,4.0010392309690825,4.141601109499809,Hypoxia / angiogenesis,6
2023,158,3586,4.406023424428333,4.196829949224722,Hypoxia / angiogenesis,6
2024,156,3729,4.18342719227675,4.5778753112969275,Hypoxia / angiogenesis,6
2025,223,4335,5.144175317185698,4.663801254731224,Hypoxia / angiogenesis,6
2011,79,1381,5.720492396813903,5.521729451995468,Metabolism / stress,7
2012,89,1672,5.322966507177034,5.0885999660372425,Metabolism / stress,7
2013,79,1871,4.222340994120791,4.880598129659064,Metabolism / stress,7
2014,103,2021,5.096486887679367,4.7184763963299,Metabolism / stress,7
2015,111,2295,4.836601307189542,4.937378995118937,Metabolism / stress,7
2016,119,2439,4.8790487904879045,4.991617901329497,Metabolism / stress,7
2017,140,2662,5.259203606311044,5.1750308664191245,Metabolism / stress,7
2018,149,2766,5.386840202458424,5.180002639899774,Metabolism / stress,7
2019,150,3065,4.893964110929853,5.086602837516149,Metabolism / stress,7
2020,166,3334,4.979004199160168,5.004181888214197,Metabolism / stress,7
2021,197,3833,5.13957735455257,5.122232649193759,Metabolism / stress,7
2022,202,3849,5.248116393868537,5.433191093310846,Metabolism / stress,7
2023,212,3586,5.911879531511433,5.615055404106723,Metabolism / stress,7
2024,212,3729,5.685170286940198,6.110973545789143,Metabolism / stress,7
2025,292,4335,6.735870818915801,6.210520552927999,Metabolism / stress,7
2011,83,1381,6.0101375814627085,5.636647738099775,Immune / tumor microenvironment,11
2012,88,1672,5.2631578947368425,5.361185789411965,Immune / tumor microenvironment,11
2013,90,1871,4.810261892036344,5.155596468591227,Immune / tumor microenvironment,11
2014,109,2021,5.393369619000495,5.187702878406616,Immune / tumor microenvironment,11
2015,123,2295,5.359477124183006,5.593302337928736,Immune / tumor microenvironment,11
2016,147,2439,6.027060270602706,5.7739747739693925,Immune / tumor microenvironment,11
2017,158,2662,5.935386927122464,5.939760056508535,Immune / tumor microenvironment,11
2018,162,2766,5.856832971800434,5.986204892898171,Immune / tumor microenvironment,11
2019,189,3065,6.166394779771615,6.257292673839353,Immune / tumor microenvironment,11
2020,225,3334,6.748650269946011,6.82697344774047,Immune / tumor microenvironment,11
2021,290,3833,7.565875293503783,7.231021814646078,Immune / tumor microenvironment,11
2022,284,3849,7.378539880488439,7.7143216967778505,Immune / tumor microenvironment,11
2023,294,3586,8.198549916341328,7.945558939159578,Immune / tumor microenvironment,11
2024,308,3729,8.259587020648967,7.946637725632674,Immune / tumor microenvironment,11
2025,320,4335,7.381776239907728,7.820681630278347,Immune / tumor microenvironment,11
2011,189,1381,13.685734974656047,13.152676099768215,Treatment resistance,19
2012,211,1672,12.619617224880383,12.723554955519804,Treatment resistance,19
2013,222,1871,11.865312667022982,12.944753968585964,Treatment resistance,19
2014,290,2021,14.349332013854527,13.051940383821915,Treatment resistance,19
2015,297,2295,12.941176470588236,13.005541915205123,Treatment resistance,19
2016,286,2439,11.726117261172611,12.392228388924039,Treatment resistance,19
2017,333,2662,12.50939143501127,12.46510207925339,Treatment resistance,19
2018,364,2766,13.159797541576284,13.015341404376384,Treatment resistance,19
2019,410,3065,13.376835236541599,13.154682431738154,Treatment resistance,19
2020,431,3334,12.927414517096581,13.29891201893166,Treatment resistance,19
2021,521,3833,13.592486303156797,13.230717784459621,Treatment resistance,19
2022,507,3849,13.172252533125487,13.2439443639067,Treatment resistance,19
2023,465,3586,12.967094255437814,13.441818554979221,Treatment resistance,19
2024,529,3729,14.186108876374362,13.795396814794755,Treatment resistance,19
2025,617,4335,14.232987312572087,14.209548094473224,Treatment resistance,19
