publication_year,all_gbm_documents,clustered_documents,axis_topic_documents,prevalence_all_gbm_percent,prevalence_clustered_only_percent,axis,n_axis_topics
2011,1381,918,20,1.448225923244026,2.178649237472767,Hypoxia / angiogenesis,2
2012,1672,1074,28,1.674641148325359,2.60707635009311,Hypoxia / angiogenesis,2
2013,1871,1226,20,1.0689470871191875,1.6313213703099512,Hypoxia / angiogenesis,2
2014,2021,1341,19,0.9401286491835725,1.4168530947054436,Hypoxia / angiogenesis,2
2015,2295,1549,24,1.0457516339869282,1.5493867010974822,Hypoxia / angiogenesis,2
2016,2439,1603,26,1.066010660106601,1.621958827199002,Hypoxia / angiogenesis,2
2017,2662,1743,26,0.976709241172051,1.4916810097532989,Hypoxia / angiogenesis,2
2018,2766,1832,27,0.9761388286334056,1.4737991266375545,Hypoxia / angiogenesis,2
2019,3065,2025,16,0.5220228384991843,0.7901234567901234,Hypoxia / angiogenesis,2
2020,3334,2216,26,0.7798440311937612,1.1732851985559567,Hypoxia / angiogenesis,2
2021,3833,2549,26,0.6783198539003391,1.0200078462142017,Hypoxia / angiogenesis,2
2022,3849,2566,21,0.5455962587685113,0.818394388152767,Hypoxia / angiogenesis,2
2023,3586,2384,21,0.5856107083100948,0.8808724832214765,Hypoxia / angiogenesis,2
2024,3729,2472,24,0.6436041834271923,0.970873786407767,Hypoxia / angiogenesis,2
2025,4335,2890,34,0.7843137254901961,1.1764705882352942,Hypoxia / angiogenesis,2
2011,1381,918,24,1.7378711078928313,2.6143790849673203,Metabolism / stress,3
2012,1672,1074,23,1.375598086124402,2.1415270018621975,Metabolism / stress,3
2013,1871,1226,24,1.282736504543025,1.9575856443719413,Metabolism / stress,3
2014,2021,1341,27,1.3359722909450766,2.0134228187919465,Metabolism / stress,3
2015,2295,1549,33,1.4379084967320261,2.130406714009038,Metabolism / stress,3
2016,2439,1603,53,2.173021730217302,3.30630068621335,Metabolism / stress,3
2017,2662,1743,46,1.7280240420736288,2.6391279403327594,Metabolism / stress,3
2018,2766,1832,40,1.4461315979754157,2.183406113537118,Metabolism / stress,3
2019,3065,2025,60,1.9575856443719413,2.962962962962963,Metabolism / stress,3
2020,3334,2216,60,1.799640071985603,2.707581227436823,Metabolism / stress,3
2021,3833,2549,81,2.1132272371510568,3.1777167516673206,Metabolism / stress,3
2022,3849,2566,89,2.312288906209405,3.4684333593141075,Metabolism / stress,3
2023,3586,2384,102,2.8443948689347462,4.278523489932886,Metabolism / stress,3
2024,3729,2472,95,2.547599892732636,3.843042071197411,Metabolism / stress,3
2025,4335,2890,125,2.883506343713956,4.325259515570934,Metabolism / stress,3
2011,1381,918,34,2.4619840695148443,3.7037037037037037,Immune / tumor microenvironment,6
2012,1672,1074,41,2.452153110047847,3.817504655493482,Immune / tumor microenvironment,6
2013,1871,1226,35,1.8706574024585783,2.8548123980424145,Immune / tumor microenvironment,6
2014,2021,1341,47,2.3255813953488373,3.504847129008203,Immune / tumor microenvironment,6
2015,2295,1549,42,1.8300653594771241,2.711426726920594,Immune / tumor microenvironment,6
2016,2439,1603,64,2.6240262402624026,3.9925140361821585,Immune / tumor microenvironment,6
2017,2662,1743,64,2.4042073628850487,3.6718301778542743,Immune / tumor microenvironment,6
2018,2766,1832,70,2.530730296456978,3.8209606986899565,Immune / tumor microenvironment,6
2019,3065,2025,83,2.707993474714519,4.098765432098766,Immune / tumor microenvironment,6
2020,3334,2216,119,3.5692861427714457,5.370036101083032,Immune / tumor microenvironment,6
2021,3833,2549,166,4.330811374902165,6.512357787367595,Immune / tumor microenvironment,6
2022,3849,2566,164,4.260846973239802,6.391270459859704,Immune / tumor microenvironment,6
2023,3586,2384,166,4.629113218070273,6.9630872483221475,Immune / tumor microenvironment,6
2024,3729,2472,187,5.014749262536873,7.564724919093851,Immune / tumor microenvironment,6
2025,4335,2890,199,4.590542099192618,6.885813148788928,Immune / tumor microenvironment,6
2011,1381,918,117,8.472121650977552,12.745098039215685,Treatment resistance,12
2012,1672,1074,150,8.971291866028707,13.966480446927374,Treatment resistance,12
2013,1871,1226,137,7.322287546766435,11.174551386623165,Treatment resistance,12
2014,2021,1341,181,8.955962394854033,13.497390007457122,Treatment resistance,12
2015,2295,1549,189,8.235294117647058,12.201420271142673,Treatment resistance,12
2016,2439,1603,159,6.519065190651906,9.91890205864005,Treatment resistance,12
2017,2662,1743,197,7.400450788880541,11.302352266207688,Treatment resistance,12
2018,2766,1832,224,8.098336948662329,12.22707423580786,Treatment resistance,12
2019,3065,2025,257,8.384991843393149,12.691358024691358,Treatment resistance,12
2020,3334,2216,250,7.498500299940012,11.28158844765343,Treatment resistance,12
2021,3833,2549,296,7.722410644403861,11.612397018438603,Treatment resistance,12
2022,3849,2566,313,8.131982333073525,12.197973499610288,Treatment resistance,12
2023,3586,2384,251,6.999442275515895,10.528523489932885,Treatment resistance,12
2024,3729,2472,287,7.696433360150174,11.610032362459547,Treatment resistance,12
2025,4335,2890,319,7.358708189158016,11.038062283737025,Treatment resistance,12
