topic,n_documents,bertopic_name,expert_primary_label,expert_secondary_labels,axis,definition
25,393,25_mif_macrophages_tams_macrophage,Tumor microenvironment,,Immune / tumor microenvironment,primary_plus_secondary
11,566,11_macrophages_microglia_tams_immune,Immune microenvironment,,Immune / tumor microenvironment,primary_plus_secondary
16,492,16_metabolic_metabolism_metabolites_glucose,Metabolism,,Metabolism / stress,primary_plus_secondary
52,221,52_immune_tregs_immunosuppressive_immunotherapy,Tumor microenvironment,Treatment resistance,Immune / tumor microenvironment,primary_plus_secondary
52,221,52_immune_tregs_immunosuppressive_immunotherapy,Tumor microenvironment,Treatment resistance,Treatment resistance,primary_plus_secondary
27,378,27_nk_nk cells_pd1_cd8,Tumor microenvironment,Treatment resistance,Immune / tumor microenvironment,primary_plus_secondary
27,378,27_nk_nk cells_pd1_cd8,Tumor microenvironment,Treatment resistance,Treatment resistance,primary_plus_secondary
18,439,18_ferroptosis_ern1_mitochondrial_autophagy,Metabolism,Cell death,Metabolism / stress,primary_plus_secondary
79,143,79_hypoxia_hif1_ecm_hypoxic,Hypoxia,,Hypoxia / angiogenesis,primary_plus_secondary
63,184,63_tmz resistance_tmz_chemosensitivity_lncrna,Treatment resistance,Therapeutic intervention,Treatment resistance,primary_plus_secondary
95,114,95_hyperpolarized_mrs_lactate_13c,Metabolism,,Metabolism / stress,primary_plus_secondary
106,106,106_exosomes_exosomal_polarization_mirs,Tumor microenvironment,,Immune / tumor microenvironment,primary_plus_secondary
22,399,22_immunotherapy_checkpoint_checkpoint inhibitors_nivolumab,Therapeutic intervention,Immune microenvironment,Immune / tumor microenvironment,primary_plus_secondary
56,212,56_vaccine_vaccination_vaccines_dendritic,Therapeutic intervention,Immune microenvironment,Immune / tumor microenvironment,primary_plus_secondary
50,224,50_egfr_egfrviii_factor receptor_growth factor,Therapeutic intervention,Treatment resistance,Treatment resistance,primary_plus_secondary
101,110,101_ddr_repair_dna damage_damage response,Treatment resistance,Therapeutic intervention,Treatment resistance,primary_plus_secondary
1,1568,1_delivery_nanoparticles_nps_release,Therapeutic intervention,Treatment resistance,Treatment resistance,primary_plus_secondary
34,343,34_bevacizumab_bev_irinotecan_recurrent glioblastoma,Therapeutic intervention,Metabolism; Hypoxia,Hypoxia / angiogenesis,primary_plus_secondary
34,343,34_bevacizumab_bev_irinotecan_recurrent glioblastoma,Therapeutic intervention,Metabolism; Hypoxia,Metabolism / stress,primary_plus_secondary
77,148,77_repair_dna_dsbs_radiosensitization,Treatment resistance,Metabolism,Metabolism / stress,primary_plus_secondary
77,148,77_repair_dna_dsbs_radiosensitization,Treatment resistance,Metabolism,Treatment resistance,primary_plus_secondary
3,1052,3_nanoparticles_photothermal_nps_oxide,Treatment resistance,Hypoxia; Metabolism,Hypoxia / angiogenesis,primary_plus_secondary
3,1052,3_nanoparticles_photothermal_nps_oxide,Treatment resistance,Hypoxia; Metabolism,Metabolism / stress,primary_plus_secondary
3,1052,3_nanoparticles_photothermal_nps_oxide,Treatment resistance,Hypoxia; Metabolism,Treatment resistance,primary_plus_secondary
20,424,20_cq_inhibitor_autophagy_chloroquine,Treatment resistance,,Treatment resistance,primary_plus_secondary
29,353,29_vegf_vascular_antiangiogenic_endothelial,Hypoxia,Therapeutic intervention,Hypoxia / angiogenesis,primary_plus_secondary
28,360,28_mgmt_methylation_mgmt promoter_promoter methylation,Treatment resistance,Therapeutic intervention,Treatment resistance,primary_plus_secondary
76,149,76_pdt_photodynamic_photodynamic therapy_therapy pdt,Therapeutic intervention,Treatment resistance,Treatment resistance,primary_plus_secondary
80,143,80_mtor_rapamycin_mertk_pi3k,Therapeutic intervention,Treatment resistance,Treatment resistance,primary_plus_secondary
17,479,17_integrin_angiogenesis_vegf_netrin1,Therapeutic intervention,Hypoxia,Hypoxia / angiogenesis,primary_plus_secondary
26,385,26_phase_mtd_phase ii_mg,Treatment resistance,Therapeutic intervention,Treatment resistance,primary_plus_secondary
96,114,96_molecular_biomarkers_genetic_molecular biomarkers,Treatment resistance,Therapeutic intervention; Metabolism,Metabolism / stress,primary_plus_secondary
96,114,96_molecular_biomarkers_genetic_molecular biomarkers,Treatment resistance,Therapeutic intervention; Metabolism,Treatment resistance,primary_plus_secondary
14,504,14_stem_stem cells_cancer stem_cscs,Treatment resistance,Immune microenvironment,Immune / tumor microenvironment,primary_plus_secondary
14,504,14_stem_stem cells_cancer stem_cscs,Treatment resistance,Immune microenvironment,Treatment resistance,primary_plus_secondary
35,330,35_evs_exosomes_vesicles_extracellular vesicles,Treatment resistance,Therapeutic intervention; Immune microenvironment,Immune / tumor microenvironment,primary_plus_secondary
35,330,35_evs_exosomes_vesicles_extracellular vesicles,Treatment resistance,Therapeutic intervention; Immune microenvironment,Treatment resistance,primary_plus_secondary
57,211,57_mscs_mesenchymal stem_msc_mesenchymal,Therapeutic intervention,Immune microenvironment,Immune / tumor microenvironment,primary_plus_secondary
46,240,46_epigenetic_dna methylation_methylation_histone,Treatment resistance,Therapeutic intervention,Treatment resistance,primary_plus_secondary
51,224,51_amplification_egfr_egfr amplification_egfrviii,Treatment resistance,Therapeutic intervention,Treatment resistance,primary_plus_secondary
91,128,91_spatial_singlecell_spatial transcriptomics_heterogeneity,Tumor microenvironment,Hypoxia; Treatment resistance,Hypoxia / angiogenesis,primary_plus_secondary
91,128,91_spatial_singlecell_spatial transcriptomics_heterogeneity,Tumor microenvironment,Hypoxia; Treatment resistance,Immune / tumor microenvironment,primary_plus_secondary
91,128,91_spatial_singlecell_spatial transcriptomics_heterogeneity,Tumor microenvironment,Hypoxia; Treatment resistance,Treatment resistance,primary_plus_secondary
