publication_year,all_gbm_documents,topic29_documents,topic29_prevalence_percent,topic79_documents,topic79_prevalence_percent,axis_topic_documents,axis_prevalence_percent
2011,1381,17,1.2309920347574221,3,0.2172338884866039,20,1.448225923244026
2012,1672,24,1.4354066985645932,4,0.2392344497607655,28,1.674641148325359
2013,1871,17,0.9086050240513095,3,0.1603420630678781,20,1.0689470871191875
2014,2021,18,0.8906481939633845,1,0.049480455220188,19,0.9401286491835724
2015,2295,18,0.7843137254901961,6,0.261437908496732,24,1.0457516339869282
2016,2439,18,0.7380073800738007,8,0.3280032800328003,26,1.066010660106601
2017,2662,18,0.67618332081142,8,0.3005259203606311,26,0.976709241172051
2018,2766,20,0.7230657989877078,7,0.2530730296456978,27,0.9761388286334056
2019,3065,10,0.3262642740619902,6,0.1957585644371941,16,0.5220228384991843
2020,3334,15,0.44991001799640074,11,0.3299340131973605,26,0.7798440311937612
2021,3833,15,0.39133837725019566,11,0.2869814766501435,26,0.6783198539003391
2022,3849,13,0.33775006495193555,8,0.2078461938165757,21,0.5455962587685113
2023,3586,14,0.39040713887339656,7,0.1952035694366982,21,0.5856107083100948
2024,3729,10,0.2681684097613301,14,0.3754357736658621,24,0.6436041834271923
2025,4335,19,0.43829296424452135,15,0.3460207612456747,34,0.7843137254901961
