publication_year,axis_topic_documents,all_gbm_documents,axis_prevalence_percent,rolling_3y_percent,axis,n_axis_topics,definition
2011,20,1381,1.448225923244026,1.5614335357846925,Hypoxia / angiogenesis,2,primary_only
2012,28,1672,1.674641148325359,1.397271386229524,Hypoxia / angiogenesis,2,primary_only
2013,20,1871,1.0689470871191875,1.227905628209373,Hypoxia / angiogenesis,2,primary_only
2014,19,2021,0.9401286491835725,1.0182757900965627,Hypoxia / angiogenesis,2,primary_only
2015,24,2295,1.0457516339869282,1.0172969810923673,Hypoxia / angiogenesis,2,primary_only
2016,26,2439,1.066010660106601,1.0294905117551936,Hypoxia / angiogenesis,2,primary_only
2017,26,2662,0.976709241172051,1.0062862433040192,Hypoxia / angiogenesis,2,primary_only
2018,27,2766,0.9761388286334056,0.8249569694348803,Hypoxia / angiogenesis,2,primary_only
2019,16,3065,0.5220228384991843,0.7593352327754505,Hypoxia / angiogenesis,2,primary_only
2020,26,3334,0.7798440311937612,0.6600622411977616,Hypoxia / angiogenesis,2,primary_only
2021,26,3833,0.6783198539003391,0.6679200479542038,Hypoxia / angiogenesis,2,primary_only
2022,21,3849,0.5455962587685113,0.6031756069929818,Hypoxia / angiogenesis,2,primary_only
2023,21,3586,0.5856107083100948,0.591603716835266,Hypoxia / angiogenesis,2,primary_only
2024,24,3729,0.6436041834271923,0.6711762057424945,Hypoxia / angiogenesis,2,primary_only
2025,34,4335,0.7843137254901961,0.7139589544586943,Hypoxia / angiogenesis,2,primary_only
2011,24,1381,1.7378711078928313,1.5567345970086166,Metabolism / stress,3,primary_only
2012,23,1672,1.375598086124402,1.4654018995200861,Metabolism / stress,3,primary_only
2013,24,1871,1.282736504543025,1.3314356272041679,Metabolism / stress,3,primary_only
2014,27,2021,1.3359722909450766,1.352205764073376,Metabolism / stress,3,primary_only
2015,33,2295,1.4379084967320261,1.6489675059648015,Metabolism / stress,3,primary_only
2016,53,2439,2.173021730217302,1.7796514230076523,Metabolism / stress,3,primary_only
2017,46,2662,1.7280240420736288,1.782392456755449,Metabolism / stress,3,primary_only
2018,40,2766,1.4461315979754157,1.7105804281403287,Metabolism / stress,3,primary_only
2019,60,3065,1.9575856443719413,1.7344524381109867,Metabolism / stress,3,primary_only
2020,60,3334,1.799640071985603,1.9568176511695334,Metabolism / stress,3,primary_only
2021,81,3833,2.1132272371510568,2.0750520717820216,Metabolism / stress,3,primary_only
2022,89,3849,2.312288906209405,2.423303670765069,Metabolism / stress,3,primary_only
2023,102,3586,2.8443948689347462,2.568094555958929,Metabolism / stress,3,primary_only
2024,95,3729,2.547599892732636,2.758500368460446,Metabolism / stress,3,primary_only
2025,125,4335,2.883506343713956,2.715553118223296,Metabolism / stress,3,primary_only
2011,34,1381,2.4619840695148443,2.4570685897813456,Immune / tumor microenvironment,6,primary_only
2012,41,1672,2.452153110047847,2.2615981940070897,Immune / tumor microenvironment,6,primary_only
2013,35,1871,1.8706574024585783,2.2161306359517545,Immune / tumor microenvironment,6,primary_only
2014,47,2021,2.3255813953488373,2.00876805242818,Immune / tumor microenvironment,6,primary_only
2015,42,2295,1.8300653594771241,2.259890998362788,Immune / tumor microenvironment,6,primary_only
2016,64,2439,2.6240262402624026,2.2860996542081917,Immune / tumor microenvironment,6,primary_only
2017,64,2662,2.4042073628850487,2.519654633201476,Immune / tumor microenvironment,6,primary_only
2018,70,2766,2.530730296456978,2.547643711352182,Immune / tumor microenvironment,6,primary_only
2019,83,3065,2.707993474714519,2.9360033046476475,Immune / tumor microenvironment,6,primary_only
2020,119,3334,3.5692861427714457,3.5360303307960432,Immune / tumor microenvironment,6,primary_only
2021,166,3833,4.330811374902165,4.053648163637805,Immune / tumor microenvironment,6,primary_only
2022,164,3849,4.260846973239802,4.40692385540408,Immune / tumor microenvironment,6,primary_only
2023,166,3586,4.629113218070273,4.634903151282316,Immune / tumor microenvironment,6,primary_only
2024,187,3729,5.014749262536873,4.744801526599922,Immune / tumor microenvironment,6,primary_only
2025,199,4335,4.590542099192618,4.802645680864746,Immune / tumor microenvironment,6,primary_only
2011,117,1381,8.472121650977552,8.72170675850313,Treatment resistance,12,primary_only
2012,150,1672,8.971291866028707,8.255233687924232,Treatment resistance,12,primary_only
2013,137,1871,7.322287546766435,8.416513935883058,Treatment resistance,12,primary_only
2014,181,2021,8.955962394854033,8.171181353089176,Treatment resistance,12,primary_only
2015,189,2295,8.235294117647058,7.9034405677176665,Treatment resistance,12,primary_only
2016,159,2439,6.519065190651906,7.3849366990598355,Treatment resistance,12,primary_only
2017,197,2662,7.400450788880541,7.339284309398259,Treatment resistance,12,primary_only
2018,224,2766,8.098336948662329,7.961259860312006,Treatment resistance,12,primary_only
2019,257,3065,8.384991843393149,7.9939430306651635,Treatment resistance,12,primary_only
2020,250,3334,7.498500299940012,7.8686342625790076,Treatment resistance,12,primary_only
2021,296,3833,7.722410644403861,7.7842977591391325,Treatment resistance,12,primary_only
2022,313,3849,8.131982333073525,7.617945084331093,Treatment resistance,12,primary_only
2023,251,3586,6.999442275515895,7.609285989579864,Treatment resistance,12,primary_only
2024,287,3729,7.696433360150174,7.351527941608029,Treatment resistance,12,primary_only
2025,319,4335,7.358708189158016,7.527570774654095,Treatment resistance,12,primary_only
