publication_year,topic_documents,all_gbm_documents,prevalence_percent,rolling_3y_percent,sentinel_label,topic
2011,3,1381,0.2172338884866039,0.22823416912368472,Hypoxia / HIF-1,79
2012,4,1672,0.23923444976076555,0.2056034671050825,Hypoxia / HIF-1,79
2013,3,1871,0.16034206306787813,0.14968565601627723,Hypoxia / HIF-1,79
2014,1,2021,0.04948045522018803,0.15708680892826607,Hypoxia / HIF-1,79
2015,6,2295,0.26143790849673204,0.21297388124990682,Hypoxia / HIF-1,79
2016,8,2439,0.3280032800328003,0.29665570296338784,Hypoxia / HIF-1,79
2017,8,2662,0.3005259203606311,0.2938674100130431,Hypoxia / HIF-1,79
2018,7,2766,0.2530730296456978,0.24978583814784103,Hypoxia / HIF-1,79
2019,6,3065,0.19575856443719414,0.25958853576008417,Hypoxia / HIF-1,79
2020,11,3334,0.32993401319736054,0.27089135142823273,Hypoxia / HIF-1,79
2021,11,3833,0.2869814766501435,0.27492056122135994,Hypoxia / HIF-1,79
2022,8,3849,0.20784619381657574,0.23001041330113922,Hypoxia / HIF-1,79
2023,7,3586,0.19520356943669828,0.2594951789730454,Hypoxia / HIF-1,79
2024,14,3729,0.37543577366586217,0.3055533681160784,Hypoxia / HIF-1,79
2025,15,4335,0.3460207612456747,0.36072826745576847,Hypoxia / HIF-1,79
2011,15,1381,1.0861694424330195,0.7524148647571796,Metabolism / glucose,16
2012,7,1672,0.41866028708133973,0.7332151120472771,Metabolism / glucose,16
2013,13,1871,0.694815606627472,0.5690804521170226,Metabolism / glucose,16
2014,12,2021,0.5937654626422563,0.7781109010855521,Metabolism / glucose,16
2015,24,2295,1.0457516339869282,0.8608421755744952,Metabolism / glucose,16
2016,23,2439,0.9430094300943009,0.9759681884027338,Metabolism / glucose,16
2017,25,2662,0.9391435011269722,0.8563551467531986,Metabolism / glucose,16
2018,19,2766,0.6869125090383225,0.7812791377005577,Metabolism / glucose,16
2019,22,3065,0.7177814029363785,0.7981653171889276,Metabolism / glucose,16
2020,33,3334,0.9898020395920816,0.8909615910263143,Metabolism / glucose,16
2021,37,3833,0.9653013305504826,1.0067717044841717,Metabolism / glucose,16
2022,41,3849,1.0652117433099506,1.1509035027759353,Metabolism / glucose,16
2023,51,3586,1.4221974344673731,1.2492669012185251,Metabolism / glucose,16
2024,47,3729,1.2603915258782517,1.3324892843597296,Metabolism / glucose,16
2025,57,4335,1.314878892733564,1.2876352093059078,Metabolism / glucose,16
2011,7,1381,0.5068790731354091,0.6421955174289486,Macrophage / microglia,11
2012,13,1672,0.777511961722488,0.6241039775911501,Macrophage / microglia,11
2013,11,1871,0.5879208979155531,0.5376117119129938,Macrophage / microglia,11
2014,5,2021,0.24740227610094012,0.4091600122538637,Macrophage / microglia,11
2015,9,2295,0.39215686274509803,0.40452162630114624,Macrophage / microglia,11
2016,14,2439,0.5740057400574006,0.5349267278562798,Macrophage / microglia,11
2017,17,2662,0.6386175807663411,0.6572808032536116,Macrophage / microglia,11
2018,21,2766,0.7592190889370932,0.7595834032236026,Macrophage / microglia,11
2019,27,3065,0.8809135399673735,0.9566288926982095,Macrophage / microglia,11
2020,41,3334,1.229754049190162,1.3383936750361627,Macrophage / microglia,11
2021,73,3833,1.9045134359509523,1.6856149259814799,Macrophage / microglia,11
2022,74,3849,1.9225772928033256,1.8334213936896113,Macrophage / microglia,11
2023,60,3586,1.6731734523145567,1.7527982952127097,Macrophage / microglia,11
2024,62,3729,1.6626441405202468,1.642504364854969,Macrophage / microglia,11
2025,69,4335,1.5916955017301038,1.6271698211251753,Macrophage / microglia,11
2011,1,1381,0.07241129616220131,0.21563148540167482,TMZ resistance,63
2012,6,1672,0.3588516746411483,0.21501746274239572,TMZ resistance,63
2013,4,1871,0.21378941742383753,0.355815214755622,TMZ resistance,63
2014,10,2021,0.49480455220188024,0.5121602266217897,TMZ resistance,63
2015,19,2295,0.8278867102396514,0.5502315141581107,TMZ resistance,63
2016,8,2439,0.3280032800328003,0.5606034503011854,TMZ resistance,63
2017,14,2662,0.5259203606311045,0.46540766330156186,TMZ resistance,63
2018,15,2766,0.5422993492407809,0.5300808494570233,TMZ resistance,63
2019,16,3065,0.5220228384991843,0.5047440685787886,TMZ resistance,63
2020,15,3334,0.44991001799640074,0.4457273361985892,TMZ resistance,63
2021,14,3833,0.3652491521001826,0.41028385257657823,TMZ resistance,63
2022,16,3849,0.41569238763315147,0.32538170305667746,TMZ resistance,63
2023,7,3586,0.19520356943669828,0.31089934959448196,TMZ resistance,63
2024,12,3729,0.32180209171359614,0.24922872288247033,TMZ resistance,63
2025,10,4335,0.2306805074971165,0.2762412996053563,TMZ resistance,63
